Poem No,Poem Name,Poet,Line,Metaphor Present or not,Count of the Metaphors,Metaphorical Terms,Metaphor Type,Source Domain,Target Domain,Year,Interpretation
1,වැලි කතරට ගිය අම්මා,ඉන්දිරා ලක්ෂ්මී ද සිල්වා,මලක් විලස මා පිපුණේ නැතේයා,no,0,,,,,2007,
1,වැලි කතරට ගිය අම්මා,ඉන්දිරා ලක්ෂ්මී ද සිල්වා,ඉරක් හඳක් වූ අම්මා කොහේයා,yes,2,ඉරක් හඳක් වූ අම්මා,Conventional Metaphor,ඉරක් හඳක්,අම්මා,2007,අම්මා ඉරක් හඳක් මෙන් අපගේ ලෝකය එළිය කරන බව
1,වැලි කතරට ගිය අම්මා,ඉන්දිරා ලක්ෂ්මී ද සිල්වා,සඳත් රාහු ගිල්ලා සේ දැනේයා,no,0,,,,,2007,
1,වැලි කතරට ගිය අම්මා,ඉන්දිරා ලක්ෂ්මී ද සිල්වා,පැලේ පහන සැඩ පවනට නිවේයා,no,0,,,,,2007,
2,නුඹ,ඉන්දිරා ලක්ෂ්මී ද සිල්වා,මේ කුළ දෝ නුඹ,yes,1,කුළ දෝ නුඹ,Conventional Metaphor,කුළ,නුඹ,2007,නුඹ පර්වතයක් මෙන් ශක්තිමත් බව
2,නුඹ,ඉන්දිරා ලක්ෂ්මී ද සිල්වා,කතර මැදින් ඇදෙනා,no,0,,,,,2007,
2,නුඹ,ඉන්දිරා ලක්ෂ්මී ද සිල්වා,වැහි කඳුළක් වී,no,0,,,,,2007,
2,නුඹ,ඉන්දිරා ලක්ෂ්මී ද සිල්වා,දෙරණත නොම සැලෙනා,no,0,,,,,2007,
3,නුඹ,ඉන්දිරා ලක්ෂ්මී ද සිල්වා,ගීතය දෝ නුඹ,yes,1,ගීතය දෝ නුඹ,Conventional Metaphor,ගීතය,නුඹ,2007,නුඹ ගීතයක් මෙන් ගලාගෙන යන බව
3,නුඹ,ඉන්දිරා ලක්ෂ්මී ද සිල්වා,තණුවක් නොලිය වෙනා,no,0,,,,,2007,
3,නුඹ,ඉන්දිරා ලක්ෂ්මී ද සිල්වා,එහි පදවැල නුඹ,yes,1,පදවැල නුඹ,Conventional Metaphor,පදවැල,නුඹ,2007,නුඹ ගීතයක් නම් එහි වටිනාකම ද නුඹ ම වන බව
3,නුඹ,ඉන්දිරා ලක්ෂ්මී ද සිල්වා,කිසිදා නොම ගැයෙනා,no,0,,,,,2007,
4,නුඹ,ඉන්දිරා ලක්ෂ්මී ද සිල්වා,මිරිඟව දෝ නුඹ,yes,1,මිරිඟව දෝ නුඹ,Conventional Metaphor,මිරිඟව,නුඹ,2007,නුඹ මිරිඟුවක් මෙන් අවිනිශ්චිතබව
4,නුඹ,ඉන්දිරා ලක්ෂ්මී ද සිල්වා,ගඟුලක් සේ පෙනෙනා,no,0,,,,,2007,
4,නුඹ,ඉන්දිරා ලක්ෂ්මී ද සිල්වා,සිතිජය දෝ නුඹ,yes,1,සිතිජය දෝ නුඹ,Conventional Metaphor,සිතිජය,නුඹ,2007,නුඹ දුරස් ද යන බව
4,නුඹ,ඉන්දිරා ලක්ෂ්මී ද සිල්වා,සයුරු ඉමේ පෙනෙනා,no,0,,,,,2007,
5,සිත,ඉන්දිරා ලක්ෂ්මී ද සිල්වා,නිවී සැනසුණු සිත ගඟුලක්ය සිහිලැල්,yes,1,සිත ගඟුලක්ය,Conventional Metaphor,ගඟුලක්ය,සිත,2007,නිවී සැනසුන සිත සිතුවිලි වලින් සමන්විත ගංගාවක් මෙන් බව
5,සිත,ඉන්දිරා ලක්ෂ්මී ද සිල්වා,සරු පස පුබුදුවා,no,0,,,,,2007,
5,සිත,ඉන්දිරා ලක්ෂ්මී ද සිල්වා,නිල්ලෙන් ගස් කොළන් සරසන,no,0,,,,,2007,
5,සිත,ඉන්දිරා ලක්ෂ්මී ද සිල්වා,මල් පලින් ලොවම සනසන,no,0,,,,,2007,
6,සිත,ඉන්දිරා ලක්ෂ්මී ද සිල්වා,ආවේග ගින්නෙන්,no,0,,,,,2007,
6,සිත,ඉන්දිරා ලක්ෂ්මී ද සිල්වා,බුර බුරා නැගී ඇවිලෙන,no,0,,,,,2007,
6,සිත,ඉන්දිරා ලක්ෂ්මී ද සිල්වා,නොසන්සුන් වූ සිත ලැව් ගින්නක්ය,yes,1,නොසන්සුන් වූ සිත ලැව් ගින්නක්ය,Conventional Metaphor,ලැව් ගින්නක්ය,සිත,2007,නොසන්සුන් සිත ලැව් ගින්නක් මෙන් ප්‍රචණ්ඩ බව
6,සිත,ඉන්දිරා ලක්ෂ්මී ද සිල්වා,වහ වහා පැතිරෙන,no,0,,,,,2007,
6,සිත,ඉන්දිරා ලක්ෂ්මී ද සිල්වා,ගස්වැල් අඹරවා සොලවන,no,0,,,,,2007,
6,සිත,ඉන්දිරා ලක්ෂ්මී ද සිල්වා,මල් පල දවා අළුලන,no,0,,,,,2007,
7,සඳ එළිය,ඉන්දිරා ලක්ෂ්මී ද සිල්වා,නෙතින් ගැලූ කඳුළැල්ල සිඳී,no,0,,,,,2007,
7,සඳ එළිය,ඉන්දිරා ලක්ෂ්මී ද සිල්වා,හසරැල් ගඟුලැල්ල ගලයි,no,0,,,,,2007,
7,සඳ එළිය,ඉන්දිරා ලක්ෂ්මී ද සිල්වා,ඒ ගඟුලැල්ලේ උල්පත නුඹ වේ,yes,1,ගඟුලැල්ලේ උල්පත නුඹ වේ,Conventional Metaphor,ගඟුලැල්ලේ උල්පත,නුඹ,2007,නුඹ ගඟක් නම් එහි මූලය වන උල්පත ද නුඹ ම වන බව
7,සඳ එළිය,ඉන්දිරා ලක්ෂ්මී ද සිල්වා,නිල්ලෙන් ලොව සැරසෙයි,no,0,,,,,2007,
8,සඳ එළිය,ඉන්දිරා ලක්ෂ්මී ද සිල්වා,සන්සුන් නුඹෙ වත සඳ මඩලේ,yes,1,නුඹෙ වත සඳ මඩලේ,Conventional Metaphor,සඳ මඩලේ,නුඹෙ වත,2007,සන්සුන් උඹගේ මුහුණ සඳක් මෙන් අලංකාර බව
8,සඳ එළිය,ඉන්දිරා ලක්ෂ්මී ද සිල්වා,සෙනෙහස් සඳ එළිය ගලයි,no,0,,,,,2007,
8,සඳ එළිය,ඉන්දිරා ලක්ෂ්මී ද සිල්වා,මේ මුළු සක්වළ පැතිරුණ දුකඳුර,no,0,,,,,2007,
8,සඳ එළිය,ඉන්දිරා ලක්ෂ්මී ද සිල්වා,එයින් නිවී සැනසෙයි,no,0,,,,,2007,
9,ගජමන්  නෝනා,ඉන්දිරා ලක්ෂ්මී ද සිල්වා,කන්ද සැලේවිද හැමුවට සැඩ පවනා,no,0,,,,,2007,
9,ගජමන්  නෝනා,ඉන්දිරා ලක්ෂ්මී ද සිල්වා,වෙරළ සැලේවිද හැඬුවට රළ නිතිනා,no,0,,,,,2007,
9,ගජමන්  නෝනා,ඉන්දිරා ලක්ෂ්මී ද සිල්වා,අන්දකාරයට කවි පහන දල්වනා,no,0,,,,,2007,
9,ගජමන්  නෝනා,ඉන්දිරා ලක්ෂ්මී ද සිල්වා,ඉන්ද්‍රඛීලයකි මං ගජමන්  නෝනා,yes,1,ඉන්ද්‍රඛීලයකි ගජමන්  නෝනා,Conventional Metaphor,ඉන්ද්‍රඛීලයකි,ගජමන් නෝනා,2007,ගජමන් නෝනාගේ වටිනාකම ඉන්ද්‍රඛීලයක් මෙන් බව
10,ඇය සහ මම,ඉන්දිරා ලක්ෂ්මී ද සිල්වා,ප්‍රචණ්ඩ වූ මහ මුහුද මමයි,yes,1,මහ මුහුද මමයි,Conventional Metaphor,,,2007,
10,ඇය සහ මම,ඉන්දිරා ලක්ෂ්මී ද සිල්වා,ශාන්ත නිසසල වෙරළ ඇයයි,yes,1,ශාන්ත නිසසල වෙරළ ඇයයි,Conventional Metaphor,ශාන්ත නිසසල වෙරළ,ඇයයි,2007,ඇය ශාන්ත නිසසල වෙරළක් මෙන් සන්සුන් බව
10,ඇය සහ මම,ඉන්දිරා ලක්ෂ්මී ද සිල්වා,ඈත ඇදී යළි වෙරළ සොයා එන,no,0,,,,,2007,
10,ඇය සහ මම,ඉන්දිරා ලක්ෂ්මී ද සිල්වා,චංචල වූ මහ මුහුද මමයි,yes,1,චංචල වූ මහ මුහුද මමයි,Conventional Metaphor,චංචල වූ මහ මුහුද,මමයි,2007,මම මහ මුහුදත් මෙන් ප්‍රචණ්ඩ බව
11,ඇය සහ මම,ඉන්දිරා ලක්ෂ්මී ද සිල්වා,අකුණු ගුගුරුවා දෙරණත සැලෙනා,no,0,,,,,2007,
11,ඇය සහ මම,ඉන්දිරා ලක්ෂ්මී ද සිල්වා,අසනිය මහ වරුසාව මමයි,yes,1,අසනිය මහ වරුසාව මමයි,Conventional Metaphor,අසනිය මහ වරුසාව,මමයි,2007,මම අසනිය මහා වරුසාවක් මෙන් ප්‍රචණ්ඩ බව
11,ඇය සහ මම,ඉන්දිරා ලක්ෂ්මී ද සිල්වා,ඒ හැම ඉවසා මුනිවත රකිනා,no,0,,,,,2007,
11,ඇය සහ මම,ඉන්දිරා ලක්ෂ්මී ද සිල්වා,කරුණාබර මහ පොළොව ඇයයි,yes,1,කරුණාබර මහ පොළොව ඇයයි,Conventional Metaphor,කරුණාබර මහ පොළොව,ඇයයි,2007,මහපොළොව සරුසාර වන අයුරින් ම අයත් කාරුණික වන බව
12,ඇය සහ මම,ඉන්දිරා ලක්ෂ්මී ද සිල්වා,සුදෝ සුදට මල් පුදා හිනැහෙන,no,0,,,,,2007,
12,ඇය සහ මම,ඉන්දිරා ලක්ෂ්මී ද සිල්වා,සමන් පිච්ච මල් ලතා ඇයයි,yes,1,සමන් පිච්ච මල් ලතා ඇයයි,Conventional Metaphor,සමන් පිච්ච මල් ලතා,ඇයයි,2007,ඇය සමන්පිච්ච මල් වැලක් මෙන් ලස්සන බව
12,ඇය සහ මම,ඉන්දිරා ලක්ෂ්මී ද සිල්වා,කොහිදෝ සිට විත් ඒ මල් සලනා,no,0,,,,,2007,
12,ඇය සහ මම,ඉන්දිරා ලක්ෂ්මී ද සිල්වා,හිත් පිත් නැති සැඩ පවන මමයි,yes,1,සැඩ පවන මමයි,Conventional Metaphor,සැඩ පවන,මමයි,2007,මම සැඩ සුළඟක් මෙන් අකාරුණික බව
13,පතිනිය වී හෙට,ඉන්දිරා ලක්ෂ්මී ද සිල්වා,පතිනිය වී හෙට,no,0,,,,,2007,
13,පතිනිය වී හෙට,ඉන්දිරා ලක්ෂ්මී ද සිල්වා,කුලගෙට යන දා,no,0,,,,,2007,
13,පතිනිය වී හෙට,ඉන්දිරා ලක්ෂ්මී ද සිල්වා,පවනැල්ලක් වූ නිවහල් ළඳ මා,yes,1,පවනැල්ලක් වූ නිවහල් ළඳ,Conventional Metaphor,පවනැල්ලක්,නිවහල් ළඳ,2007,කිවිඳිය පවනැල්ලක් මෙන් නිවහල් බව
13,පතිනිය වී හෙට,ඉන්දිරා ලක්ෂ්මී ද සිල්වා,දෙනයන සරසා විකසිත වේදෝ,no,0,,,,,2007,
13,පතිනිය වී හෙට,ඉන්දිරා ලක්ෂ්මී ද සිල්වා,උණුසුම් කඳුළු මලක්,no,0,,,,,2007,
14,ඉඟිනළුව,ඉන්දිරා ලක්ෂ්මී ද සිල්වා,විටක ඔබ සාධුවරයෙකි ලොවටම බණ දෙසන,yes,1,ඔබ සාධුවරයෙකි,Conventional Metaphor,සාධුවරයෙකි,ඔබ,2007,විටෙක ඔබ සාධු වරයෙක් මෙන් සන්සුන් බව
14,ඉඟිනළුව,ඉන්දිරා ලක්ෂ්මී ද සිල්වා,විටක ඔබ උපශාන්ත උවැසුවෙකි බෝ මැඩ දණ ඔබා වැතිරෙන,yes,1,ඔබ උපශාන්ත උවැසුවෙකි,Conventional Metaphor,උපශාන්ත උවැසුවෙකි,ඔබ,2007,විටෙක ඔබ උපශාන්ත වූ වැසියෙකු මෙන් වූ වැසියෙකු මෙන් සන්සුන් බව
14,ඉඟිනළුව,ඉන්දිරා ලක්ෂ්මී ද සිල්වා,විටක ඔබ කෝපයෙන් වියරුව දඟලන යක්ෂාවේශ වූවෙකි කෝපයෙන් වියරුව දඟලන,yes,1,ඔබ කෝපයෙන් වියරුව දඟලන යක්ෂාවේශ වූවෙකි,Conventional Metaphor,යක්ෂාවේශ වූවෙකි,ඔබ,2007,විටෙක ඔබ යක්ෂ ආරූඪ වූවකු මෙන් ප්‍රචණ්ඩ බව
14,ඉඟිනළුව,ඉන්දිරා ලක්ෂ්මී ද සිල්වා,වරක ඔබ දයාබර මිනිසෙකි කරුණාව උතුරා ගලන,yes,1,ඔබ දයාබර මිනිසෙකි,Conventional Metaphor,දයාබර මිනිසෙකි,ඔබ,2007,විටෙක ඔබ දයාබර මිනිසෙක් බව
14,ඉඟිනළුව,ඉන්දිරා ලක්ෂ්මී ද සිල්වා,තවත් ඔබ වරක දි අධිමානයෙන් වියරු වැටුණෙකි,yes,1,ඔබ වරක දි අධිමානයෙන් වියරු වැටුණෙකි,Conventional Metaphor,වියරු වැටුණෙකි,ඔබ,2007,විටෙක ඔබ අධි මාත්‍රයෙන් වියරුව කෙනෙකු මෙන් අවිනිශ්චිත බව
14,ඉඟිනළුව,ඉන්දිරා ලක්ෂ්මී ද සිල්වා,හෙළා දකිනා අන් අය,no,0,,,,,2007,
14,ඉඟිනළුව,ඉන්දිරා ලක්ෂ්මී ද සිල්වා,තව වරක ඔබ හීනමානෙන් පෙළෙන්නෙකි,yes,1,ඔබ හීනමානෙන් පෙළෙන්නෙකි,Conventional Metaphor,හීනමානෙන් පෙළෙන්නෙකි,ඔබ,2007,ඔබ හීනමානයෙන් පෙළෙන්නෙකු මෙන් රංගනයේ යෙදෙන බව
14,ඉඟිනළුව,ඉන්දිරා ලක්ෂ්මී ද සිල්වා,ඊර්ෂ්‍යා කරන අනුනට,no,0,,,,,2007,
15,විඳ ගන්න සිත පුරා නිදහස,ඉන්දිරා ලක්ෂ්මී ද සිල්වා,කුරුලූ පැටවෙකි නුඹ,yes,1,කුරුලූ පැටවෙකි නුඹ,Conventional Metaphor,කුරුලූ පැටවෙකි,නුඹ,2007,නුඹ කුරුලු පැටවකු මෙන් නිදහස් බව
15,විඳ ගන්න සිත පුරා නිදහස,ඉන්දිරා ලක්ෂ්මී ද සිල්වා,ජීවන පොතේ,no,0,,,,,2007,
15,විඳ ගන්න සිත පුරා නිදහස,ඉන්දිරා ලක්ෂ්මී ද සිල්වා,මුල් පිටු පෙරළන,no,0,,,,,2007,
15,විඳ ගන්න සිත පුරා නිදහස,ඉන්දිරා ලක්ෂ්මී ද සිල්වා,කිසි බරක් හිස නො රැඳුන,no,0,,,,,2007,
16,විඳ ගන්න සිත පුරා නිදහස,ඉන්දිරා ලක්ෂ්මී ද සිල්වා,පවන් රොදකි නුඹ,yes,1,පවන් රොදකි නුඹ,Conventional Metaphor,පවන් රොදකි,නුඹ,2007,උඹ පවන් රොදක් මෙන් සැහැල්ලු බව
16,විඳ ගන්න සිත පුරා නිදහස,ඉන්දිරා ලක්ෂ්මී ද සිල්වා,අහස සිසාරා හමන,no,0,,,,,2007,
16,විඳ ගන්න සිත පුරා නිදහස,ඉන්දිරා ලක්ෂ්මී ද සිල්වා,සමනල තටුවකි නුඹ,yes,1,සමනල තටුවකි නුඹ,Conventional Metaphor,සමනල තටුවකි,නුඹ,2007,නුඹ සමනළ තටුවක් මෙන් සියුමැලි බව
16,විඳ ගන්න සිත පුරා නිදහස,ඉන්දිරා ලක්ෂ්මී ද සිල්වා,මුදු මෙළෙක් ගුණ සපිරුණ,no,0,,,,,2007,
16,විඳ ගන්න සිත පුරා නිදහස,ඉන්දිරා ලක්ෂ්මී ද සිල්වා,නිකැළැල් ය නුඹ,no,0,,,,,2007,
16,විඳ ගන්න සිත පුරා නිදහස,ඉන්දිරා ලක්ෂ්මී ද සිල්වා,මල් කැකුළක් විලස,no,0,,,,,2007,
17,වසන්තය යළි එන්න,ඉන්දිරා ලක්ෂ්මී ද සිල්වා,ඉරිතලා ගිය පොළොව,no,0,,,,,2007,
17,වසන්තය යළි එන්න,ඉන්දිරා ලක්ෂ්මී ද සිල්වා,නිල් පලස අතුරවා,no,0,,,,,2007,
17,වසන්තය යළි එන්න,ඉන්දිරා ලක්ෂ්මී ද සිල්වා,සිහිල් වැස්සක්ව ඔබ,yes,1,සිහිල් වැස්සක්ව ඔබ,Conventional Metaphor,සිහිල් වැස්සක්ව,ඔබ,2007,ඔබ මල් වැස්සක් මෙන් සුන්දර බව
17,වසන්තය යළි එන්න,ඉන්දිරා ලක්ෂ්මී ද සිල්වා,මා සොයා යළි එන්න.,no,0,,,,,2007,
18,වසන්තය යළි එන්න,ඉන්දිරා ලක්ෂ්මී ද සිල්වා,ඇස නැගෙන කඳුළ පිස සොඳුරු හසරැල්ල වී,no,0,,,,,2007,
18,වසන්තය යළි එන්න,ඉන්දිරා ලක්ෂ්මී ද සිල්වා,සෙවණැල්ල වී යළිත් මා අසල ඔබ ඉන්න,yes,1,සෙවණැල්ල වී ඔබ,Conventional Metaphor,සෙවණැල්ල,ඔබ,2007,සෙවනැල්ලක් මෙන් කිවිඳියගේ පිටුපසින් ම සිටින බවත් බවට කරන ආයාචනය
19,වසන්තය යළි එන්න,ඉන්දිරා ලක්ෂ්මී ද සිල්වා,වියලි අතු රිකිලි මත සුවඳ මල් පුබුදුවා,no,0,,,,,2007,
19,වසන්තය යළි එන්න,ඉන්දිරා ලක්ෂ්මී ද සිල්වා,වසන්තය වී යළිත් මා සොයා ඔබ එන්න,yes,1,වසන්තය වී ඔබ,Conventional Metaphor,වසන්තය,ඔබ,2007,වසන්තයක් මෙන් කිවිඳියගේ ජීවිතය ලස්සන කිරීමට එන්න යැයි කෙරෙන ආයාචනය
20,පාඩම,ඉන්දිරා ලක්ෂ්මී ද සිල්වා,උගන්වමින් සිටියා පාඩමක් එක්තරා දිනයක,no,0,,,,,2007,
20,පාඩම,ඉන්දිරා ලක්ෂ්මී ද සිල්වා,සිසු මුව කමල් හැරිලා,yes,1,මුව කමල්,Conventional Metaphor,කමල්,මුව,2007,සිසුන්ගේ මුහුණු මල් මෙන් ලස්සන බව
20,පාඩම,ඉන්දිරා ලක්ෂ්මී ද සිල්වා,අවධානයෙන් මා වෙත එහෙත් දුටුවෙමි වෙනසක්,no,0,,,,,2007,
20,පාඩම,ඉන්දිරා ලක්ෂ්මී ද සිල්වා,එකම එක සිසුවකුගෙන් වැදගත් නොවේ ඔහු හට,no,0,,,,,2007,
20,පාඩම,ඉන්දිරා ලක්ෂ්මී ද සිල්වා,මා උගන්වන පාඩම අදියි ඔහු සිතුවමක් තනි වී,no,0,,,,,2007,
20,පාඩම,ඉන්දිරා ලක්ෂ්මී ද සිල්වා,ඔහුගේ ම ලෝකයක........,no,0,,,,,2007,
21,කවියාගේ ප්‍රථම ප්‍රේමය,ඉන්දිරා ලක්ෂ්මී ද සිල්වා,නිදහස! නිදහස!! මා හද බැඳි ළඳ,no,0,,,,,2007,
21,කවියාගේ ප්‍රථම ප්‍රේමය,ඉන්දිරා ලක්ෂ්මී ද සිල්වා, මගේ ප්‍රථම ප්‍රේමය හිමි පිය ළඳ,no,0,,,,,2007,
21,කවියාගේ ප්‍රථම ප්‍රේමය,ඉන්දිරා ලක්ෂ්මී ද සිල්වා,අහස් වියන යට සුවිසල් මිහි මත,no,0,,,,,2007,
21,කවියාගේ ප්‍රථම ප්‍රේමය,ඉන්දිරා ලක්ෂ්මී ද සිල්වා,පවන් රොදකි මා ගත් නුඹෙ අතිනත,yes,1,පවන් රොදකි මා,Conventional Metaphor,පවන් රොදකි,මා,2007,කවියාගේ ප්‍රථම ප්‍රේමය හමු වූ පසු ඔහුගේ ජීවිතය ලස්සන වූ බව
22,කන්ද උඩින්,ඉන්දිරා ලක්ෂ්මී ද සිල්වා,අන්දකාර ලොව තනි වී මා සිටියේ,no,0,,,,,2007,
22,කන්ද උඩින්,ඉන්දිරා ලක්ෂ්මී ද සිල්වා,මන්ද මගේ හද අරණට නුඹ වැඩියේ?,no,0,,,,,2007,
22,කන්ද උඩින්,ඉන්දිරා ලක්ෂ්මී ද සිල්වා,මිහිකත විලස දුක් මහ මෙර දරන්නියා ,no,0,,,,,2007,
22,කන්ද උඩින්,ඉන්දිරා ලක්ෂ්මී ද සිල්වා,සිරිකත නුඹය මගෙ පැල එළි කරන්නියා,yes,1,සිරිකත නුඹය,Conventional Metaphor,සිරිකත,නුඹය,2007,බිරිඳ සිරිකතක් මෙන් නිවසට සතුට ගෙන එන බව
23,ඔබ සහ මම,ඉන්දිරා ලක්ෂ්මී ද සිල්වා,නිල් අහස පාව යන,no,0,,,,,2007,
23,ඔබ සහ මම,ඉන්දිරා ලක්ෂ්මී ද සිල්වා,සුදු වලාකුළ ඔබයි,yes,1,සුදු වලාකුළ ඔබයි,Conventional Metaphor,සුදු වලාකුළ,ඔබයි,2007,ඔබ සුදු වලාකුලක් මෙන් ලස්සන බව
23,ඔබ සහ මම,ඉන්දිරා ලක්ෂ්මී ද සිල්වා,ඇද හැලෙන්නට හදන,no,0,,,,,2007,
23,ඔබ සහ මම,ඉන්දිරා ලක්ෂ්මී ද සිල්වා,නිල් වලාකුළ මමයි,yes,1,නිල් වලාකුළ මමයි,Conventional Metaphor,නිල් වලාකුළ,මමයි,2007,කිවිඳිය නිල් වලාකුලක් මෙන් පැහැදිලි බව
24,ඔබ සහ මම,ඉන්දිරා ලක්ෂ්මී ද සිල්වා,නයන දල්වා නැගෙන,no,0,,,,,2007,
24,ඔබ සහ මම,ඉන්දිරා ලක්ෂ්මී ද සිල්වා,සොඳුරු හසරැල ඔබයි,yes,1,සොඳුරු හසරැල ඔබයි,Conventional Metaphor,සොඳුරු හසරැල,ඔබයි,2007,ඔබ සිනහවක් මෙන් ප්‍රීතිමත් බව
24,ඔබ සහ මම,ඉන්දිරා ලක්ෂ්මී ද සිල්වා,නෙතු අගින් ගලා යන,no,0,,,,,2007,
24,ඔබ සහ මම,ඉන්දිරා ලක්ෂ්මී ද සිල්වා,උණු කඳුළු බිඳ මමයි,yes,1,උණු කඳුළු බිඳ මමයි,Conventional Metaphor,උණු කඳුළු බිඳ,මමයි,2007,කිවිඳිය දුකින් ඉන්නවා බව
25,ඔබ සහ මම,ඉන්දිරා ලක්ෂ්මී ද සිල්වා,සොඳුරු සිතුවමක් බඳු,no,0,,,,,2007,
25,ඔබ සහ මම,ඉන්දිරා ලක්ෂ්මී ද සිල්වා,සොළොස්වක රැය ඔබයි,yes,1,රැය ඔබයි,Conventional Metaphor,සොළොස්වක රැය,ඔබයි,2007,කිවිඳියගේ පෙම්වතා ඇය ගේ ලෝකය ඇයගේ ලෝකය එළිය කරන බව
25,ඔබ සහ මම,ඉන්දිරා ලක්ෂ්මී ද සිල්වා,ඛීත සිතිවිලි මවන,no,0,,,,,2007,
25,ඔබ සහ මම,ඉන්දිරා ලක්ෂ්මී ද සිල්වා,අමාවක රැය මමයි,yes,1,අමාවක රැය මමයි,Conventional Metaphor,අමාවක රැය,මමයි,2007,කිවිඳියගේ ලෝකය දුකින් පිරි ඇති බව
26,කවිය,ඉන්දිරා ලක්ෂ්මී ද සිල්වා,දුකෙන් තැවෙන සිත පතුලෙන් මතු වී,yes,0,,,,,2007,
26,කවිය,ඉන්දිරා ලක්ෂ්මී ද සිල්වා,මලක් විලස පිපෙනා,yes,0,,,,,2007,
26,කවිය,ඉන්දිරා ලක්ෂ්මී ද සිල්වා,සැපට වඩා දුකෙහි දි මට ළං වන,yes,0,,,,,2007,
26,කවිය,ඉන්දිරා ලක්ෂ්මී ද සිල්වා,මගේ කලණ මිතුරා,yes,0,,,,,2007,
26,කවිය,ඉන්දිරා ලක්ෂ්මී ද සිල්වා,කවිය නුඹයි,no,1,කවිය නුඹයි,Conventional Metaphor,කවිය,නුඹයි,2007,කවි ලිවීම කිවිඳියට සමීප බවයි
26,කවිය,ඉන්දිරා ලක්ෂ්මී ද සිල්වා,මගේ හොඳම මිතුරා,yes,0,,,,,2007,
27,කවිය,ඉන්දිරා ලක්ෂ්මී ද සිල්වා,රුදු ගල් වැස්සේ තැලී රිදුණු සිත,no,0,,,,,2007,
27,කවිය,ඉන්දිරා ලක්ෂ්මී ද සිල්වා,ඔසුවක් වී සනසා,yes,1,ඔසුවක් වී හොඳම මිතුරා,Conventional Metaphor,ඔසුවක්,හොඳම මිතුරා,2007,කිවිඳියගේ ජීවිතය සාර්ථක කර ගැනීමට කවියේ ඉවහල් වන බව
27,කවිය,ඉන්දිරා ලක්ෂ්මී ද සිල්වා,ජීවන මං පෙත මල් පුබුදාලයි,no,0,,,,,2007,
27,කවිය,ඉන්දිරා ලක්ෂ්මී ද සිල්වා,මල් වැස්සක් වෙමිනා,yes,1,මල් වැස්සක් හොඳම මිතුරා,Conventional Metaphor,මල් වැස්සක්,හොඳම මිතුරා,2007,කිවිඳියගේ ජීවිතය සාර්ථක කර ගැනීමට කවියේ ඉවහල් වන බව
28,බිරිඳ හෙවත් පෙම්වතිය,ඉන්දිරා ලක්ෂ්මී ද සිල්වා,හිරු මහලුව මිය යන්නට සැරසෙන,no,0,,,,,2007,
28,බිරිඳ හෙවත් පෙම්වතිය,ඉන්දිරා ලක්ෂ්මී ද සිල්වා,පාළු අඳුරු දිවි සැන්දෑවේ,no,0,,,,,2007,
28,බිරිඳ හෙවත් පෙම්වතිය,ඉන්දිරා ලක්ෂ්මී ද සිල්වා,අහස් කුසේ පිපි එකම තරුව නුඹ,yes,1,තරුව නුඹ,Conventional Metaphor,තරුව,නුඹ,2007,සැමියාගේ ජීවිතය සාර්ථක කර ගැනීමට උදව් කරන එකම කෙනා බිරිඳ බව
28,බිරිඳ හෙවත් පෙම්වතිය,ඉන්දිරා ලක්ෂ්මී ද සිල්වා,ළං වී දුක සැප විමසනවා,no,0,,,,,2007,
29,කටු අකුලේ,ඉන්දිරා ලක්ෂ්මී ද සිල්වා,කටු අකුලේ පැටලී හඬනා,no,0,,,,,2007,
29,කටු අකුලේ,ඉන්දිරා ලක්ෂ්මී ද සිල්වා,සමනල පැටවෙකි. මා,yes,1,සමනල පැටවෙකි. මා,Conventional Metaphor,සමනල පැටවෙකි,මා,2007,කිවිඳිය ඉතා අපහසුවෙන් ජීවිතය ගෙවන බව
29,කටු අකුලේ,ඉන්දිරා ලක්ෂ්මී ද සිල්වා,කටු අකලේ මල් පිපෙන තුරා,no,0,,,,,2007,
29,කටු අකුලේ,ඉන්දිරා ලක්ෂ්මී ද සිල්වා,බලා හිඳිම් දො මා......?,no,0,,,,,2007,
30,කටු අකුලේ,ඉන්දිරා ලක්ෂ්මී ද සිල්වා,මා ළඟ දැවටෙන කෝ මගෙ අම්මා,no,0,,,,,2007,
30,කටු අකුලේ,ඉන්දිරා ලක්ෂ්මී ද සිල්වා,පාළුව නැත නිම්මා,no,0,,,,,2007,
30,කටු අකුලේ,ඉන්දිරා ලක්ෂ්මී ද සිල්වා,මල් සුවඳක් නැති කතරට ආ,no,0,,,,,2007,
30,කටු අකුලේ,ඉන්දිරා ලක්ෂ්මී ද සිල්වා,සමනල පැටවෙකි මා,yes,1,සමනල පැටවෙකි මා,Conventional Metaphor,සමනල පැටවෙකි,මා,2007,කිවිඳිය දුක්බර පරිසරයට වෙසෙන සුන්දර අයෙකු බව
31,පියාණනේ,ඉන්දිරා ලක්ෂ්මී ද සිල්වා,පොත් තුළ රැඳි මිණි කැට අහුලා,no,0,,,,,2007,
31,පියාණනේ,ඉන්දිරා ලක්ෂ්මී ද සිල්වා,මිණි කැට සේ සුදිලෙන්නැයි කීවා,no,0,,,,,2007,
31,පියාණනේ,ඉන්දිරා ලක්ෂ්මී ද සිල්වා,ගුණ දම් රන් මාලා ගෙල ලා,yes,1,ගුණ දම් රන් මාලා,Conventional Metaphor,රන් මාලා,ගුණ දම්,2007,පියාණන් ගුණධර්ම වලින් අනුන අයෙකු බව
31,පියාණනේ,ඉන්දිරා ලක්ෂ්මී ද සිල්වා,ඒ රුවනින් බැබළෙන්නැයි කීවා......,no,0,,,,,2007,
32,පියාණනේ,ඉන්දිරා ලක්ෂ්මී ද සිල්වා,ජීවන කතරේ පහන් තරුව අප,yes,1,පහන් තරුව පියාණනේ,Extended Metaphor,පහන් තරුව,පියාණනේ,2007,පියාණන් දරුවන්ගේ ජීවිතය සාර්ථක කර ගැනීමට කටයුතු කරන බව
32,පියාණනේ,ඉන්දිරා ලක්ෂ්මී ද සිල්වා,නිවී ගියා අකාලයේ,no,0,,,,,2007,
32,පියාණනේ,ඉන්දිරා ලක්ෂ්මී ද සිල්වා,අවසන් වර ඔබෙ දෙපා වඳින්නට,no,0,,,,,2007,
32,පියාණනේ,ඉන්දිරා ලක්ෂ්මී ද සිල්වා,ඉතින් අවසරයි පියාණනේ!,no,0,,,,,2007,
33,මිතුරුතුමෝ බිතු සිතුවම් රූ සදිසි,ඉන්දිරා ලක්ෂ්මී ද සිල්වා,කළුනික සොයන විලසින් හැම තැන සෙව්වා,no,0,,,,,2007,
33,මිතුරුතුමෝ බිතු සිතුවම් රූ සදිසි,ඉන්දිරා ලක්ෂ්මී ද සිල්වා,බිතු සිතුවම් රූ සදිසි වූ මිතුරු තුමා,yes,1,බිතු සිතුවම් රූ සදිසි වූ මිතුරු තුමා,Extended Metaphor,බිතු සිතුවම්,මිතුරු තුමා,2007,මිතුරන්ට අප කරන උදව් ඔවුන් මතක තබාගෙන ඉන්නා බව
33,මිතුරුතුමෝ බිතු සිතුවම් රූ සදිසි,ඉන්දිරා ලක්ෂ්මී ද සිල්වා,පහන් ටැඹක් සේ,no,0,,,,,2007,
33,මිතුරුතුමෝ බිතු සිතුවම් රූ සදිසි,ඉන්දිරා ලක්ෂ්මී ද සිල්වා,නොසැලී එළිය විදා,no,0,,,,,2007,
33,මිතුරුතුමෝ බිතු සිතුවම් රූ සදිසි,ඉන්දිරා ලක්ෂ්මී ද සිල්වා,අන්ධකාර සිත ළඟ වල,no,0,,,,,2007,
33,මිතුරුතුමෝ බිතු සිතුවම් රූ සදිසි,ඉන්දිරා ලක්ෂ්මී ද සිල්වා,ඔබ පහන වුණා.,yes,1,ඔබ පහන වුණා.,,පහන,ඔබ,2007,මිතුරන් දුක් කම්කටුලු වල දේ තමන්ට උදව් වූ බව
34,ගුරු බැති ගී,ඉන්දිරා ලක්ෂ්මී ද සිල්වා,මහා තුරක් සේ සෙනෙහස් අතු විහිදා,no,0,,,,,2007,
34,ගුරු බැති ගී,ඉන්දිරා ලක්ෂ්මී ද සිල්වා,අප දිවි පා මුල ඔබ සිටියා,no,0,,,,,2007,
34,ගුරු බැති ගී,ඉන්දිරා ලක්ෂ්මී ද සිල්වා,හිරු සඳු වී අපෙ කැකුළු ලොවේ ,yes,4,"හිරු සඳු - පියාණනේ, මෑණියනේ",Extended Metaphor,හිරු සඳු,"පියාණනේ, මෑණියනේ",2007,සිසුන්ගේ ජීවිතය සාර්ථක කරගැනීමට ගුරුවරුන් ඉවහල් වන බව
34,ගුරු බැති ගී,ඉන්දිරා ලක්ෂ්මී ද සිල්වා,එළිය මවා අප ළඟ සිටියා,no,0,,,,,2007,
34,ගුරු බැති ගී,ඉන්දිරා ලක්ෂ්මී ද සිල්වා,පියාණනේ - ගුරු පියාණනේ,no,0,,,,,2007,
34,ගුරු බැති ගී,ඉන්දිරා ලක්ෂ්මී ද සිල්වා,මෑණියනේ - ගුරු මෑණියනේ,no,0,,,,,2007,
35,නුඹ ගිනි සිළුවක් දෝ?,ඉන්දිරා ලක්ෂ්මී ද සිල්වා,නිසසල අරණ ඉමේ සැලෙනා,no,0,,,,,2007,
35,නුඹ ගිනි සිළුවක් දෝ?,ඉන්දිරා ලක්ෂ්මී ද සිල්වා,නුඹ ගිනි සිළුවක් දෝ?,yes,1,නුඹ ගිනි සිළුවක්,Conventional Metaphor,ගිනි සිළුවක්,නුඹ,2007,නුඹ යැයි සඳහන් කරන පුද්ගලයා ප්‍රචණ්ඩ බව
35,නුඹ ගිනි සිළුවක් දෝ?,ඉන්දිරා ලක්ෂ්මී ද සිල්වා,මහ තුරු දෙරණත හෙළනා,no,0,,,,,2007,
35,නුඹ ගිනි සිළුවක් දෝ?,ඉන්දිරා ලක්ෂ්මී ද සිල්වා,නුඹ සැඬ පවනක් දෝ?,yes,1,නුඹ සැඬ පවනක්,Conventional Metaphor,සැඬ පවනක්,නුඹ,2007,නුඹ යැයි සඳහන් කරන පුද්ගලයා ප්‍රචණ්ඩ බව
36,"දැනුම, ආකල්ප, කුසලතා",ඉන්දිරා ලක්ෂ්මී ද සිල්වා,සැලෙයි මා සිත,no,0,,,,,2007,
36,"දැනුම, ආකල්ප, කුසලතා",ඉන්දිරා ලක්ෂ්මී ද සිල්වා,දකිත නුඹෙ වත මල,yes,1,,,,,2007,
36,"දැනුම, ආකල්ප, කුසලතා",ඉන්දිරා ලක්ෂ්මී ද සිල්වා,දුකින් මැලවුණ,no,0,,,,,2007,
36,"දැනුම, ආකල්ප, කුසලතා",ඉන්දිරා ලක්ෂ්මී ද සිල්වා,ලැජ්ජා සිතෙයි මට,no,0,,,,,2007,
36,"දැනුම, ආකල්ප, කුසලතා",ඉන්දිරා ලක්ෂ්මී ද සිල්වා,මා ගැන,no,0,,,,,2007,
36,"දැනුම, ආකල්ප, කුසලතා",ඉන්දිරා ලක්ෂ්මී ද සිල්වා,නිවා කුස ගිනි නිසිලෙස,no,0,,,,,2007,
36,"දැනුම, ආකල්ප, කුසලතා",ඉන්දිරා ලක්ෂ්මී ද සිල්වා,විත් නුඹ අබියසට,no,0,,,,,2007,
36,"දැනුම, ආකල්ප, කුසලතා",ඉන්දිරා ලක්ෂ්මී ද සිල්වා,බුරා ඇවිලෙන,no,0,,,,,2007,
36,"දැනුම, ආකල්ප, කුසලතා",ඉන්දිරා ලක්ෂ්මී ද සිල්වා,සාගින්නේ දැවෙන,no,0,,,,,2007,
36,"දැනුම, ආකල්ප, කුසලතා",ඉන්දිරා ලක්ෂ්මී ද සිල්වා,නුඹට,no,0,,,,,2007,
36,"දැනුම, ආකල්ප, කුසලතා",ඉන්දිරා ලක්ෂ්මී ද සිල්වා,බණ දෙසමි මම,no,0,,,,,2007,
37,ඔබ ගලක් මයි,රෝහණ ධර්ම කීර්ති,ගාලු අහසට දුක හිතී,no,0,,,,,2018,
37,ඔබ ගලක් මයි,රෝහණ ධර්ම කීර්ති,වැහි බින්දු බිම දමනා හැටී,no,0,,,,,2018,
37,ඔබ ගලක් මයි,රෝහණ ධර්ම කීර්ති,උහුලන්න බැරි විරහ තාපය,yes,1,විරහ තාපය,Conventional Metaphor,තාපය,විරහ,2018,විරහව කටුක බව
37,ඔබ ගලක් මයි,රෝහණ ධර්ම කීර්ති,නිවන්නට හිතනව ඇතී,no,0,,,,,2018,
37,ඔබ ගලක් මයි,රෝහණ ධර්ම කීර්ති,කමක් නෑ වැහැපන් සකී,no,0,,,,,2018,
38,මගෙ පුන්සඳ,ප්‍රසන්න සංජීව,ඔබ මගේ ම පුන්සඳ,yes,1,ඔබ මගේ ම පුන්සඳ,Conventional Metaphor,පුන්සඳ,ඔබ,2018,පෙම්වතිය පෙම්වතාගේ ජීවිතයට සතුට ගෙන එන බව
38,මගෙ පුන්සඳ,ප්‍රසන්න සංජීව,හිනාවෙවී කඳු මුදුනින් පායා එනවද,no,0,,,,,2018,
38,මගෙ පුන්සඳ,ප්‍රසන්න සංජීව,මේ දුරු රට - මා හඳුනන,no,0,,,,,2018,
38,මගෙ පුන්සඳ,ප්‍රසන්න සංජීව,එක ම මුහුණුවර,no,0,,,,,2018,
38,මගෙ පුන්සඳ,ප්‍රසන්න සංජීව,රන්වන් පුන්සඳ,yes,1,ඔබ මගේ රන්වන් පුන්සඳ,Conventional Metaphor,රන්වන් පුන්සඳ,ඔබ,2018,පෙම්වතිය පෙම්වතාගේ ජීවිතයට සතුට ගෙන එන බව
39,මහලු සඳවත,දර්ශන වික්‍රමතුංග,පුතුන් ඒ දැයි මඟ බලන විට,no,0,,,,,2018,
39,මහලු සඳවත,දර්ශන වික්‍රමතුංග,උන් ඈත දුර ගියා සේ,no,0,,,,,2018,
39,මහලු සඳවත,දර්ශන වික්‍රමතුංග,"සඳක් මයි නුඹ හඬන, තරු දැක",yes,1,සඳක් මයි නුඹ,Conventional Metaphor,සඳක් මයි,නුඹ,2018,පුතුන් එනතුරු බලා සිටින මහළු මව පුතුන්ගේ ජීවිතය සාර්ථක කළ බව
39,මහලු සඳවත,දර්ශන වික්‍රමතුංග,මහලු සඳවත විලාසේ,no,0,,,,,2018,
39,මහලු සඳවත,දර්ශන වික්‍රමතුංග,කාත් කවුරුත් නැති ද අම්මේ,no,0,,,,,2018,
39,මහලු සඳවත,දර්ශන වික්‍රමතුංග,පාලු වැඩිහිටි නිවාසේ,no,0,,,,,2018,
40,බුදු සක්විති,සුනිල් දයානන්ද කෝණාර,බුදු රජ දහනේ සක්විති තව ඔබයි.,yes,1,සක්විති තව ඔබයි,Conventional Metaphor,සක්විති,ඔබයි,2018,බුදු හිමි බෞද්ධයන්ගේ ජීවිතයට පිටුවහලක් වන බව
40,බුදු සක්විති,සුනිල් දයානන්ද කෝණාර,ඒ රජ දහනේ,no,0,,,,,2018,
40,බුදු සක්විති,සුනිල් දයානන්ද කෝණාර,පුංචි ම පුරවැසි දැරිය මමයි බුදු පියාණනේ,no,0,,,,,2018,
40,බුදු සක්විති,සුනිල් දයානන්ද කෝණාර,අසදිස නරනාථයාණනේ,no,0,,,,,2018,
41,සඳ කුමරුවනේ,ආචාර්ය රෝහණ වීරසිංහ,රැය කෙතරම් දිගු දැයි නොදැන,no,0,,,,,2018,
41,සඳ කුමරුවනේ,ආචාර්ය රෝහණ වීරසිංහ,දෙතැනක තනි වී අප දෙදෙන,no,0,,,,,2018,
41,සඳ කුමරුවනේ,ආචාර්ය රෝහණ වීරසිංහ,කුමටද මට වෙන සුබ සිහින,no,0,,,,,2018,
41,සඳ කුමරුවනේ,ආචාර්ය රෝහණ වීරසිංහ,මිහිරිම සිහිනය ඔබ පමණ,yes,1,මිහිරිම සිහිනය ඔබ,Conventional Metaphor,මිහිරිම සිහිනය,ඔබ,2018,පෙම්වතිය පෙම්වතාට වඩාත් ලැදි බව
42,ගඟයි මලයි,දර්ශන වික්‍රමතුංග,නතර වුණු ගඟක් ද ජීවිතේ ,yes,1,නතර වුණු ගඟක් ද ජීවිතේ,Conventional Metaphor,නතර වුණු ගඟක්,ජීවිතේ,2018,ජීවිතයෙහි වෙනසක් නැතිව එකම තැන ඇති බව
42,ගඟයි මලයි,දර්ශන වික්‍රමතුංග,ගල් ගැහුණු මලක් ද ආදරේ ,yes,1,ගල් ගැහුණු මලක් ද ආදරේ,Conventional Metaphor,ගල් ගැහුණු මලක්,ආදරේ,2018,ආදරය දෘඩ දෙයක් දැයි යැයි අහන ප්‍රශ්නය
42,ගඟයි මලයි,දර්ශන වික්‍රමතුංග,ගඟ හීන් සැරේ බැස යයි ,no,0,,,,,2018,
42,ගඟයි මලයි,දර්ශන වික්‍රමතුංග,මල හෙමින් හෙමින් පිබිදෙයි ,no,0,,,,,2018,
42,ගඟයි මලයි,දර්ශන වික්‍රමතුංග,ඇත්තමයි යාලුවේ,no,0,,,,,2018,
43,මල් යාය බලන්නට එන්න අපේ,ප්‍රසන්න සංජීව,මල් යාය බලන්නට එන්න අපේ ,no,0,,,,,2018,
43,මල් යාය බලන්නට එන්න අපේ,ප්‍රසන්න සංජීව,නිල් උපුල් ඇසින් හිනැහෙන්න ඔබේ ,yes,1,නිල් උපුල් ඇසින්,Conventional Metaphor,නිල් උපුල්,ඇසින්,2018,නිල් නෙළුම් මෙන් ඇයගේ ඇස් ලස්සන බව
43,මල් යාය බලන්නට එන්න අපේ,ප්‍රසන්න සංජීව,හැන්දෑව අපෙන් සමුගන්න කලින් ,no,0,,,,,2018,
43,මල් යාය බලන්නට එන්න අපේ,ප්‍රසන්න සංජීව,බැස යන්න සේද සඳ කිරණ දිගේ,no,0,,,,,2018,
44,කන්නන්ගර අභිනන්දන,ගාල්ල රිච්මන්ඩ් විද්‍යාලය,ගඩොලින් කළ ලොව අපගේ,no,0,,,,,2018,
44,කන්නන්ගර අභිනන්දන,ගාල්ල රිච්මන්ඩ් විද්‍යාලය,කිරිගරුඬිනි ඔබ තැනුවේ,no,0,,,,,2018,
44,කන්නන්ගර අභිනන්දන,ගාල්ල රිච්මන්ඩ් විද්‍යාලය,ඒ ලොව නැණ ගුණ මහිමේ,no,0,,,,,2018,
44,කන්නන්ගර අභිනන්දන,ගාල්ල රිච්මන්ඩ් විද්‍යාලය,දිළිඳුන් සතුකොට තැබුවේ,no,0,,,,,2018,
44,කන්නන්ගර අභිනන්දන,ගාල්ල රිච්මන්ඩ් විද්‍යාලය,පංකජ ඔබෙ පද කමලේ,yes,1,පංකජ ඔබෙ පද කමලේ,Conventional Metaphor,පංකජ,පද කමලේ,2018,ඇයගේ මුහුණ ලස්සන බව
44,කන්නන්ගර අභිනන්දන,ගාල්ල රිච්මන්ඩ් විද්‍යාලය,රොන්සුණු තවරමු නළලේ,no,0,,,,,2018,
45,ලොව්තුරු බුදු මහිමි සමාධී,ආචාර්ය රෝහණ වීරසිංහ,හදක් සේම මොළකැටි වී කරුණා සීතල,no,0,,,,,2018,
45,ලොව්තුරු බුදු මහිමි සමාධී,ආචාර්ය රෝහණ වීරසිංහ,නෙළුම් මලක් වී පිබිදෙයි අංජන ගිරිකුළ,yes,1,නෙළුම් මලක් වී පිබිදෙයි අංජන ගිරිකුළ,Conventional Metaphor,නෙළුම් මලක්,අංජන ගිරිකුළ,2018,බුදු බණ ඇසූ පසු දෘඩ අයෙක් වුණත් මෘදු වන බව
45,ලොව්තුරු බුදු මහිමි සමාධී,ආචාර්ය රෝහණ වීරසිංහ,අසදිස බුදු මහිම කියා දී,no,0,,,,,2018,
45,ලොව්තුරු බුදු මහිමි සමාධී,ආචාර්ය රෝහණ වීරසිංහ,ලොව්තුරු බුදු මහිමි සමාධී,no,0,,,,,2018,
46,රෝස මලක් ද ජීවිතේ,එච්. එම්. ජයවර්ධන,සඳ වතුර ගලන සීත නිම්නයේ,no,0,,,,,2018,
46,රෝස මලක් ද ජීවිතේ,එච්. එම්. ජයවර්ධන,සුදු සේල වියන සිහින මීදුමේ,no,0,,,,,2018,
46,රෝස මලක් ද ජීවිතේ,එච්. එම්. ජයවර්ධන,හැංගිලා පිපෙන මිහිරි හීනයේ,no,0,,,,,2018,
46,රෝස මලක් ද ජීවිතේ,එච්. එම්. ජයවර්ධන,රෝස මලක් ද මේ මිතුර ජීවිතේ,yes,1,රෝස මලක් ද මේ මිතුර ජීවිතේ,Conventional Metaphor,රෝස මලක්,ජීවිතය,2018,ජීවිතය සුන්දරද යැයි අහන ප්‍රශ්නය
47,මට එකම මලක් ඇතී,ආචාර්ය රෝහණ වීරසිංහ,ආදරය ඔබේ මලක්,yes,1,ආදරය ඔබේ මලක්,Conventional Metaphor,මලක්,ආදරය,2018,ආදරය ලස්සන දෙයක් වන බව
47,මට එකම මලක් ඇතී,ආචාර්ය රෝහණ වීරසිංහ,රොන් සුවඳ හමන මලක්,yes,1,ආදරය රොන් සුවඳ හමන මලක්,Extended Metaphor,රොන් සුවඳ හමන මලක්,ආදරය,2018,ආදරය ලස්සන දෙයක් වන බව
47,මට එකම මලක් ඇතී,ආචාර්ය රෝහණ වීරසිංහ,ඒ මලින් තිළිණ ලැබූ,no,0,,,,,2018,
47,මට එකම මලක් ඇතී,ආචාර්ය රෝහණ වීරසිංහ,ජීවිතය සුනිල විලක්,yes,1,ජීවිතය සුනිල විලක්,Conventional Metaphor,සුනිල විලක්,ජීවිතය,2018,ජීවිතය ලස්සන බව
48,උඹෙ සෙනේ වන්ත කම විතරයි තංගමේ මට,තිස්සසිරි පෙරේරා,උතුවන් කන්දෙ කරට ඉහ තියාන,no,0,,,,,2018,
48,උඹෙ සෙනේ වන්ත කම විතරයි තංගමේ මට,තිස්සසිරි පෙරේරා,රන්වන් පුරහඳ,no,0,,,,,2018,
48,උඹෙ සෙනේ වන්ත කම විතරයි තංගමේ මට,තිස්සසිරි පෙරේරා,මීදුම් සළු පොරවා නින්ද නැතිව,no,0,,,,,2018,
48,උඹෙ සෙනේ වන්ත කම විතරයි තංගමේ මට,තිස්සසිරි පෙරේරා,පාර බලනවද,no,0,,,,,2018,
48,උඹෙ සෙනේ වන්ත කම විතරයි තංගමේ මට,තිස්සසිරි පෙරේරා,ඒ නුඹ නොවේද තංගම්මේ,no,0,,,,,2018,
48,උඹෙ සෙනේ වන්ත කම විතරයි තංගමේ මට,තිස්සසිරි පෙරේරා,නුඹමයි මගෙ ලොව පුරහඳ,yes,1,නුඹමයි මගෙ ලොව පුරහඳ,Conventional Metaphor,පුරහඳ,නුඹ,2018,තංගම්මා කවියාගේ ලෝකයේ සාර්ථක කර ගැනීමට උපකාර කරන බව
49,ඉර හඳ මඬල යට,ආචාර්ය රෝහණ වීරසිංහ,ජීවිතය අරන් නව අරුණු දොරින්,no,0,,,,,2018,
49,ඉර හඳ මඬල යට,ආචාර්ය රෝහණ වීරසිංහ,මගෙ ඉහට උඩින් පායනවා,no,0,,,,,2018,
49,ඉර හඳ මඬල යට,ආචාර්ය රෝහණ වීරසිංහ,රන් තැටිය පුරා ආදරය අරන්,no,0,,,,,2018,
49,ඉර හඳ මඬල යට,ආචාර්ය රෝහණ වීරසිංහ,මා තුරුලු කරන් නාවනවා,no,0,,,,,2018,
49,ඉර හඳ මඬල යට,ආචාර්ය රෝහණ වීරසිංහ,ඉරහඳ මඬලයි ඔබ මගේ ලොවේ,yes,2,ඉරහඳ මඬලයි ඔබ,Conventional Metaphor,ඉරහඳ මඬලයි,ඔබ,2018,
49,ඉර හඳ මඬල යට,ආචාර්ය රෝහණ වීරසිංහ,මවුනි දයාබර පියාණනේ,no,0,,,,,2018,
50,ඉර හඳ මඬල යට,ආචාර්ය රෝහණ වීරසිංහ,නුග රුකක් වගේ මට සෙවණ සදා,no,0,,,,,2018,
50,ඉර හඳ මඬල යට,ආචාර්ය රෝහණ වීරසිංහ,මව් කිරට පෙරා ආදරය පුදා,no,0,,,,,2018,
50,ඉර හඳ මඬල යට,ආචාර්ය රෝහණ වීරසිංහ,ඔබ දෙදෙන ඉඳී මඟ දෙපස බලා,no,0,,,,,2018,
50,ඉර හඳ මඬල යට,ආචාර්ය රෝහණ වීරසිංහ,ඉර හඳ සේ මට මං හසර කියා,no,0,,,,,2018,
50,ඉර හඳ මඬල යට,ආචාර්ය රෝහණ වීරසිංහ,ඉරහඳ මඬලයි ඔබ මගේ ලොවේ,yes,2,ඉරහඳ මඬලයි - මවුනි දයාබර පියාණනේ,Extended Metaphor,ඉරහඳ මඬලයි,"මවුනි, පියාණනේ",2018,මවුපියන් දරුවන්ගේ ජීවිතය සාර්ථක කර ගැනීමට උපරිම දායකත්වය දෙන බව
50,ඉර හඳ මඬල යට,ආචාර්ය රෝහණ වීරසිංහ,මවුනි දයාබර පියාණනේ,no,0,,,,,2018,
51,ඉර හඳ මඬල යට,ආචාර්ය රෝහණ වීරසිංහ,නුග රුකක් වගේ මට සෙවණ සදා,no,0,,,,,2018,
51,ඉර හඳ මඬල යට,ආචාර්ය රෝහණ වීරසිංහ,මව් කිරට පෙරා ආදරය පුදා,no,0,,,,,2018,
51,ඉර හඳ මඬල යට,ආචාර්ය රෝහණ වීරසිංහ,ඔබ දෙදෙන ඉඳී මඟ දෙපස බලා,no,0,,,,,2018,
51,ඉර හඳ මඬල යට,ආචාර්ය රෝහණ වීරසිංහ,ඉරහඳ මඬලයි ඔබ මගේ ලොවේ,yes,2,ඉරහඳ මඬලයි - මවුනි දයාබර පියාණනේ,Extended Metaphor,ඉරහඳ මඬලයි,"මවුනි, පියාණනේ",2018,මවුපියන් දරුවන්ගේ ජීවිතය සාර්ථක කර ගැනීමට උපරිම දායකත්වය දෙන බව
51,ඉර හඳ මඬල යට,ආචාර්ය රෝහණ වීරසිංහ,ඉර හඳ සේ මට මං හසර කියා මං,no,0,,,,,2018,
51,ඉර හඳ මඬල යට,ආචාර්ය රෝහණ වීරසිංහ,මවුනි දයාබර පියාණනේ,no,0,,,,,2018,
52,ඉර හඳ මඬල යට,ආචාර්ය රෝහණ වීරසිංහ,අසරණ වුණු දා මට සවිය පුදා,no,0,,,,,2018,
52,ඉර හඳ මඬල යට,ආචාර්ය රෝහණ වීරසිංහ,ළතැවුල් පිස දා හසරැල් පළඳා,no,0,,,,,2018,
52,ඉර හඳ මඬල යට,ආචාර්ය රෝහණ වීරසිංහ,ඔබ හිඳින තුරා මගෙ ගුවන අරා,no,0,,,,,2018,
52,ඉර හඳ මඬල යට,ආචාර්ය රෝහණ වීරසිංහ,ලොව අඳුරු නොවේ මයි මට කිසිදා,no,0,,,,,2018,
52,ඉර හඳ මඬල යට,ආචාර්ය රෝහණ වීරසිංහ,ඉරහඳ මඬලයි ඔබ මගේ ලොවේ,yes,2,ඉරහඳ මඬලයි - මවුනි දයාබර පියාණනේ,Extended Metaphor,ඉරහඳ මඬලයි,"මවුනි, පියාණනේ",2018,මවුපියන් දරුවන්ගේ ජීවිතය සාර්ථක කර ගැනීමට උපරිම දායකත්වය දෙන බව
52,ඉර හඳ මඬල යට,ආචාර්ය රෝහණ වීරසිංහ,මවුනි දයාබර පියාණනේ,no,0,,,,,2018,
53,සඳ මඬල ඔබයි,ආචාර්ය රෝහණ වීරසිංහ,මල් සුවඳ අරන් යන සමනළියන්,no,0,,,,,2018,
53,සඳ මඬල ඔබයි,ආචාර්ය රෝහණ වීරසිංහ,නොදනී මල් ගැන,no,0,,,,,2018,
53,සඳ මඬල ඔබයි,ආචාර්ය රෝහණ වීරසිංහ,මහ පොළොව තරම්,no,0,,,,,2018,
53,සඳ මඬල ඔබයි,ආචාර්ය රෝහණ වීරසිංහ,ඔබ මහ පොළොවයි,yes,1,ඔබ මහ පොළොවයි,Conventional Metaphor,මහ පොළොවයි,ඔබ,2018,අම්මා කරුණාවන්ත බව
53,සඳ මඬල ඔබයි,ආචාර්ය රෝහණ වීරසිංහ,මගෙ මවුනි උතුම්,no,0,,,,,2018,
53,සඳ මඬල ඔබයි,ආචාර්ය රෝහණ වීරසිංහ,දුන් ගහට වැලට,no,0,,,,,2018,
53,සඳ මඬල ඔබයි,ආචාර්ය රෝහණ වීරසිංහ,මල් පිපෙන තරම්,no,0,,,,,2018,
54,සඳ මඬල ඔබයි,ආචාර්ය රෝහණ වීරසිංහ,නැළවෙමින් ගලන ගංගාව හෙමින්,no,0,,,,,2018,
54,සඳ මඬල ඔබයි,ආචාර්ය රෝහණ වීරසිංහ,නොදනී දෝ උල්පත ගැන එතරම්,no,0,,,,,2018,
54,සඳ මඬල ඔබයි,ආචාර්ය රෝහණ වීරසිංහ,ඔබ උල්පත මයි මගෙ මවුනි උතුම්,yes,1,ඔබ උල්පත මයි මගෙ මවුනි උතුම්,Conventional Metaphor,උල්පත,ඔබ,2018,මව ජීවිතය සාර්ථක කර ගැනීමට උපකාර කරන බව
54,සඳ මඬල ඔබයි,ආචාර්ය රෝහණ වීරසිංහ,ගඟ ගලා ගියත් දුරු කතර යොදුන්,no,0,,,,,2018,
55,සඳ මඬල ඔබයි,ආචාර්ය රෝහණ වීරසිංහ,සඳ කැලුම් දියෙන් මුදිතා ගුණයෙන්,no,0,,,,,2018,
55,සඳ මඬල ඔබයි,ආචාර්ය රෝහණ වීරසිංහ,මුළු ලොවම තෙමෙයි සඳ මඩල රුවන්,no,0,,,,,2018,
55,සඳ මඬල ඔබයි,ආචාර්ය රෝහණ වීරසිංහ,ඔබ සඳ මඩලයි මගෙ මවුනි උතුම්,yes,1,ඔබ සඳ මඩලයි මගෙ මවුනි,Conventional Metaphor,සඳ මඩලයි,ඔබ,2018,මව ජීවිතය සාර්ථක කර ගැනීමට උපකාර කරන බව
55,සඳ මඬල ඔබයි,ආචාර්ය රෝහණ වීරසිංහ,දුන් සඳ එළියේ ආදරය නොහිම්,no,0,,,,,2018,
56,මගෙ දහඩිය කඳුළු මුතු,ආචාර්ය රෝහණ වීරසිංහ,මගෙ දහඩිය කඳුළු මුතු,yes,1,කඳුළු මුතු,Conventional Metaphor,මුතු,කඳුළු,2018,යමෙක් මහන්සියෙන් කරනා දෙය වටිනා බව
56,මගෙ දහඩිය කඳුළු මුතු,ආචාර්ය රෝහණ වීරසිංහ,නුඹෙ කිරුළේ තිබිය යුතූ,no,0,,,,,2018,
56,මගෙ දහඩිය කඳුළු මුතු,ආචාර්ය රෝහණ වීරසිංහ,ඒ ගැන දැනගෙන ම' පුතු,no,0,,,,,2018,
56,මගෙ දහඩිය කඳුළු මුතු,ආචාර්ය රෝහණ වීරසිංහ,මොලොව කිරුළු දැරිය යුතු,no,0,,,,,2018,
57,පහනක්ය ඔබ මට ජීවිතේ,දර්ශන වික්‍රමතුංග,පහනක්ය ඔබ මට ජීවිතේ,yes,1,පහනක්ය ඔබ මට ජීවිතේ,Conventional Metaphor,පහනක්ය,ඔබ,2018,කවියාගේ පෙම්වතිය කවියාගේ ජීවිතයට ආලෝකයක් වන බව
57,පහනක්ය ඔබ මට ජීවිතේ,දර්ශන වික්‍රමතුංග,ආදරෙන් මා හද දල්වන්න,no,0,,,,,2018,
57,පහනක්ය ඔබ මට ජීවිතේ,දර්ශන වික්‍රමතුංග,තව පහන් දහසක් අවුලමින්,no,0,,,,,2018,
57,පහනක්ය ඔබ මට ජීවිතේ,දර්ශන වික්‍රමතුංග,මුළු ලොව ම සුවපත් කරවන්න,no,0,,,,,2018,
58,මහැදුරු රෝහණදීර,ආචාර්ය රෝහණ වීරසිංහ,දෙරණ සසාර කළ සිලිලාර,no,0,,,,,2018,
58,මහැදුරු රෝහණදීර,ආචාර්ය රෝහණ වීරසිංහ,ගුණ නැණ සිරිනි උදාර,no,0,,,,,2018,
58,මහැදුරු රෝහණදීර,ආචාර්ය රෝහණ වීරසිංහ,ගිරුවායේ පැණසර මහඋල්පත,yes,1,පැණසර මහඋල්පත - මහැදුරු රෝහණදීර,Conventional Metaphor,පැණසර මහඋල්පත,මහැදුරු රෝහණදීර,2018,වෙදැදුරු රෝහණදීර ගිරුවායට මහත් සේවයක් කරන බව
58,මහැදුරු රෝහණදීර,ආචාර්ය රෝහණ වීරසිංහ,මහැදුරු රෝහණදීර,no,0,,,,,2018,
59,ඉසුරුමුණි වන්දනාව,ආචාර්ය රෝහණ වීරසිංහ,යුගෙන් යුගේ ඉතිහාසයෙ පිටු ගැලවේ,no,0,,,,,2018,
59,ඉසුරුමුණි වන්දනාව,ආචාර්ය රෝහණ වීරසිංහ,කාලය නොරැඳී තටු සලමින් ඉගිලේ,no,0,,,,,2018,
59,ඉසුරුමුණි වන්දනාව,ආචාර්ය රෝහණ වීරසිංහ,ඉසුරුමුණිය නම් මහ සෙල් කුළ ළඟ,no,0,,,,,2018,
59,ඉසුරුමුණි වන්දනාව,ආචාර්ය රෝහණ වීරසිංහ,සියුමැලි කවියක් වූ ඔබෙ ප්‍රේමය සදාකල්ම බැබළේ,yes,1,සියුමැලි කවියක් වූ ඔබෙ ප්‍රේමය,Conventional Metaphor,සියුමැලි කවියක්,ඔබෙ ප්‍රේමය,2018,ඔබගේ ආදරේ කවියක් මෙන් ලස්සන බව
60,සඳ සරා කුමාරි,නාලක අංජන කුමාර,මගෙ හිසට උඩින් හිස පිරිමැද සිනාසිසී හිඳිනා,no,0,,,,,2018,
60,සඳ සරා කුමාරි,නාලක අංජන කුමාර,ඉස විසාදියට සඳ වතුරින්,no,0,,,,,2018,
60,සඳ සරා කුමාරි,නාලක අංජන කුමාර,තෙමා සිහිල් කරනා,no,0,,,,,2018,
60,සඳ සරා කුමාරි,නාලක අංජන කුමාර,නුඹ සඳ මඬලයි,yes,1,නුඹ සඳ මඬලයි,Conventional Metaphor,සඳ මඬලයි,නුඹ,2018,කවියාගේ පෙම්වතියගේ මුහුණ ලස්සන බව
60,සඳ සරා කුමාරි,නාලක අංජන කුමාර,සංසාරේ පුරා ම මා දකිනා,no,0,,,,,2018,
70,කුරවි කෙවිල්ල,කරුණාරත්න විජේවර්ධන,සුදු පෑ නැති වුණාට,no,0,,,,,2018,
70,කුරවි කෙවිල්ල,කරුණාරත්න විජේවර්ධන,හංසියක තරම්,no,0,,,,,2018,
70,කුරවි කෙවිල්ල,කරුණාරත්න විජේවර්ධන,අබරණ පැළඳ නැතත්,no,0,,,,,2018,
70,කුරවි කෙවිල්ල,කරුණාරත්න විජේවර්ධන,ගිරවියක තරම්,no,0,,,,,2018,
70,කුරවි කෙවිල්ල,කරුණාරත්න විජේවර්ධන,හැකි පමණින් මිහිරි ම,no,0,,,,,2018,
70,කුරවි කෙවිල්ල,කරුණාරත්න විජේවර්ධන,ගීත ගයන්නම්,no,0,,,,,2018,
70,කුරවි කෙවිල්ල,කරුණාරත්න විජේවර්ධන,කුරවි කෙවිල්ල මම වෙම්,yes,1,කුරවි කෙවිල්ල මම වෙම්,Conventional Metaphor,කුරවි කෙවිල්ල,මම,2018,කවියා කවි කීමට වඩාත් ප්‍රිය කරන බව